id;line_1;line_2;city;state;country;zip_or_postal_code;created_by;created_date;last_modified_by;last_modified_date
20fc6800-bc34-4096-994f-90156f2d5e63;like standard now;properly finally;McCulloughcester;backfill up;Anguilla;aside formal;afore for immediately;2024-08-21T00:16:41;busily rat over;2024-08-20T21:47:43
2a11e6b7-e19a-4355-bb20-75cbd35d5914;fiercely righteously against;seagull hostess;Noreneside;sophisticated cop drat;Monaco;wax beside;opposite;2024-08-20T15:17:31;girl ick ick;2024-08-20T14:13:55
553fe9ca-92d8-4b3b-8956-7dadc2c2ea17;silver immaterial;distil;Palm Springs;till mustache but;Haiti;phooey;unlike oof;2024-08-20T23:51:34;gracefully;2024-08-21T01:30:03
aecfb01f-efd9-4f39-a6e2-0019a130f76c;birch;video;Earlinehaven;given;Gibraltar;fellow;madly;2024-08-21T00:25:17;sunny;2024-08-21T05:40:47
d8a5b9f5-734f-4440-a8fc-4e47d265e7a4;antique;because modest larch;Shannyport;fooey;Aruba;wildly;digger detail because;2024-08-20T23:07:23;astride;2024-08-20T14:30:18
6c602206-74e3-42f6-9ede-31a33950a9c5;poison;train;Fort Andrewborough;toward where;Aruba;call;yet;2024-08-21T08:07:45;youngster;2024-08-20T17:40:51
e34e64a1-712b-49fd-b7a2-74b566e01ac3;mmm whose haunt;urn wearily keen;South Rhoda;sleepily uselessly whoa;Gambia;whoever dirty accept;noisily;2024-08-20T21:45:27;freely sans circa;2024-08-21T01:09:04
81cbcbee-c86c-4446-9eb5-28abcacc2e7e;for;once hmph aha;Fort Chanelton;seldom;Jersey;which geology pish;until before yuck;2024-08-20T20:09:53;once;2024-08-20T16:20:15
bcea0ff9-d333-48b9-afad-1ac5effdeb4b;beyond;if;Willardstead;individualise;Botswana;abound;welly affiliate mechanize;2024-08-21T08:07:57;creative mercerize;2024-08-20T10:07:55
c062882d-0073-4c23-8c1d-8236da629394;euphoric meatloaf;quietly;Des Moines;neglected pain burdensome;Israel;anti;slick;2024-08-21T05:53:46;alloy binoculars;2024-08-20T17:45:21
