id;title;created_by;created_date;last_modified_by;last_modified_date
2d4a0486-a9d1-490d-9265-1da97d87614f;interestingly coal sans;curvy premiere;2024-07-04T03:18:17;dawn;2024-07-03T17:48:26
d13cc8dd-e8a2-4d8f-867d-a4cacbebb9de;annually;drat likewise although;2024-07-04T07:52:55;woot;2024-07-03T13:46:09
57469496-1e33-42c3-877a-a721a1abf2ad;barring ew ew;through mower amongst;2024-07-04T07:26:10;disenfranchise gosh;2024-07-04T10:40:42
b2d8b1aa-ea70-4e5c-af32-f46cd012bd84;oof inside;degrease loftily;2024-07-04T05:18:03;raid immigrate fate;2024-07-04T05:56:22
7aa62a5a-2674-40ca-8998-37623379bcc4;nudge altruistic;behave lest excepting;2024-07-04T05:55:30;for restore;2024-07-04T01:21:26
f4dbef76-db4f-4437-96d7-f12dde875001;phooey about webbed;colorfully;2024-07-03T19:54:16;display worthwhile;2024-07-03T14:05:18
0c3baf11-a64b-4be4-87cb-ea0a68b98329;inasmuch emphasize;warped readjust;2024-07-03T12:41:03;awkwardly;2024-07-04T00:00:21
d8209825-9f8f-43f0-b032-c8e09dbdf544;substitute than;comprehension why;2024-07-03T18:14:36;mmm;2024-07-04T11:27:51
6bb7de09-45b7-4238-9927-fd6c752a5647;spleen;afraid vice;2024-07-03T17:32:15;spectacular supposing bequeath;2024-07-04T03:05:44
1a4adc38-3872-42fc-ba04-92d4b98f5c02;beyond lest minty;finally;2024-07-03T21:32:43;before scaly boohoo;2024-07-04T09:24:31
