id;note;created_by;created_date;last_modified_by;last_modified_date;status_id;order_id
f323d60d-063b-4775-9104-3c7f316dbd36;catacomb hourly;exactly;2024-08-25T22:50:36;suss heavy indolent;2024-08-25T20:14:49;1;ed197512-30c5-4854-a9e6-07e9000f9526
e2e4181f-7a79-4e50-9626-50c07da76b2e;misty derby snap;reproachfully silo whereas;2024-08-25T11:36:33;yesterday excitedly honestly;2024-08-25T12:17:26;2;3e0d6336-0367-4bd1-a01c-891081432147
1b0dfe54-d7d5-4584-bf46-557ab2a7e664;given deliberately;harpoon;2024-08-25T11:41:28;combat deeply;2024-08-25T12:11:34;3;3cfc2463-bf68-4edf-b03c-bfb3f9ef0bc8
ddc542a4-cb01-4001-a523-4e7ac4fdc38a;fiercely who whenever;aw exotic why;2024-08-25T16:06:33;rim;2024-08-25T16:51:31;4;a7f3e960-0126-4db8-9235-461560f8930c
a81be6e8-f6eb-436b-9c92-392d4b3abb8b;usefully upon aboard;including debate;2024-08-25T21:47:51;upright;2024-08-25T15:23:36;5;b58764f3-072e-4ca4-b5a6-ef4fc4c62ff5
2339830b-9eac-4eff-a5f0-68be131dccbc;issue whoa unto;iconify employ versus;2024-08-25T21:08:57;athwart ouch partially;2024-08-26T03:08:41;6;14882601-3878-4ac6-bb3b-8b09d0230d22
45ef93e3-fc4e-490c-84ce-8dc06fe0abeb;empty import;gosh;2024-08-26T06:26:20;lightly er tail;2024-08-25T14:00:53;7;495daf61-b35b-4682-a2bf-0a5a4f8b0f94
0e43110a-c658-474c-b98c-af31f7690407;till vacation;furthermore beside because;2024-08-25T23:57:56;vivaciously;2024-08-25T17:03:02;8;0d50285e-eb2f-43d9-b106-1459d0e7d78e
47bb8458-f235-4119-8034-9cee1cc9424b;although march gah;indeed overpay;2024-08-26T08:03:34;kindly but;2024-08-26T04:21:24;9;5b88d78f-53fd-4531-861e-ef0ed96578c9
f09b1a12-7226-4a3a-b3fa-ba8f0ae96ab3;damp;patronise;2024-08-25T15:31:51;mid;2024-08-26T04:47:15;10;e94b6730-0390-451e-8e14-ed930c8e7e26
