id;image_uri;alt_text;created_by;created_date;last_modified_by;last_modified_date;product_id
da662c75-9760-49bd-a8fe-3f8c99dbacfe;inasmuch;pasture charm on;sneaky lest;2024-07-04T03:29:21;stratify pitch poultry;2024-07-04T05:59:19;8ae32091-f316-46ab-8d94-4f610013a08a
f25f1b9d-32b9-425c-936c-a5b74b30ee10;underexpose aw;weakly like scud;furthermore tumbler eek;2024-07-04T04:04:35;duh bah;2024-07-03T16:14:32;04f50ef1-72f6-480e-aca7-463f8d2d149b
9c06aaa5-8ce2-4991-8bfe-6cc8f27ad04d;opposite extra-large;when amongst;dealer;2024-07-03T15:17:55;sneaky energetically;2024-07-03T17:26:07;3b46c9b4-2ad9-411c-8d46-837b5f15b35f
63e6e1e2-b750-4b84-b1cd-45d10df1585a;stretch polished;if over;than;2024-07-03T17:25:56;perfectly;2024-07-03T16:45:28;7fdde84b-00b5-4e96-8bef-4c9d54d43f81
358569f3-8c05-4cd8-bdb4-6d70e441232c;near yearly;eek underwire;stone frank dimple;2024-07-04T02:53:42;propound extension;2024-07-04T09:44:18;f54bca8c-111b-4f09-8f59-d03ef3d40414
deda8fa8-75af-4c6d-8002-f5a501598625;tower cop;an;hmph;2024-07-04T06:09:56;and;2024-07-04T08:09:17;327bd3f8-9a79-4bec-aa20-776d17077a5e
8872ce16-0099-4bb7-ac46-05bb4521c1ec;political where miserably;phosphate minus disgusting;hm stomach sugary;2024-07-03T14:11:26;excise;2024-07-04T09:36:50;0398169f-bb53-4664-a48a-4f92343629ae
24927a8f-cae1-482f-9564-aec93e3f01d4;memorize;unexpectedly amid;fumbling meadow;2024-07-04T07:10:11;ack hepatitis almost;2024-07-03T13:08:19;ee315759-7b5d-4dd7-acee-a0addce8a4a9
6e44b6e3-8b08-405f-ae21-4160dd6e8015;barley outside;tomorrow inside among;as of;2024-07-04T00:10:30;joyous near apud;2024-07-03T22:45:27;1d88d8a8-6872-45e1-a64d-641f9e2ec1c0
1202d5f9-1720-47a4-aaa9-46547269bfc6;into;parrot after unusual;after since gosh;2024-07-04T08:33:58;the;2024-07-03T14:03:26;9e6cd99d-21dd-4eee-854c-38cd7631915e
