id;name;created_by;created_date;last_modified_by;last_modified_date;colour_id;product_id
1370ce3f-61f1-46e8-8239-658286eca867;blah heartfelt;unabashedly yowza;2024-08-20T14:06:58;woefully;2024-08-20T18:01:11;80a61058-5c87-44a0-bd0e-1bdcf2e1173e;8ae32091-f316-46ab-8d94-4f610013a08a
0df64e3b-d51d-47ad-bdf5-19d26c4f20f6;however;inside likewise;2024-08-20T18:24:19;bashfully;2024-08-21T04:42:01;2674004c-7acf-4281-921d-f5fc17830d70;04f50ef1-72f6-480e-aca7-463f8d2d149b
9e3a662a-d8bd-4474-b493-ffba56e9316d;majestic till;whereas under;2024-08-20T23:21:23;fine half-sister;2024-08-21T06:10:46;bc606eb2-f89d-485e-ae2d-7a9d5cab11a7;3b46c9b4-2ad9-411c-8d46-837b5f15b35f
5f555272-41b1-4a2c-9472-6caedf88c8b7;instantly;adventurously;2024-08-21T05:21:27;housing causal;2024-08-21T03:44:36;0b9d3537-e97a-4770-9cf3-b5585a547730;7fdde84b-00b5-4e96-8bef-4c9d54d43f81
672ebf38-8a67-4098-933b-341a3d42887a;failing;cassock outstanding;2024-08-21T04:19:52;behind because psst;2024-08-21T08:28:02;4eae4a2f-11e3-4833-b9ab-67e25b015f0a;f54bca8c-111b-4f09-8f59-d03ef3d40414
88600bd2-998f-41b7-93e7-b68950d58b21;regarding;riverbed mammoth;2024-08-20T08:41:47;within about ramie;2024-08-20T12:47:28;9c8ec534-8bd7-4a3f-88c7-c07c34150095;327bd3f8-9a79-4bec-aa20-776d17077a5e
0e73fe02-cfc0-402d-9d87-5ae84273356d;mushy;ah wide;2024-08-21T00:32:45;authentic;2024-08-20T22:04:15;dd3933c4-8449-482d-b34c-cf41e124f610;0398169f-bb53-4664-a48a-4f92343629ae
5bb36c1d-3ea4-4a7a-a747-75816e5ad845;continent;inside slowly;2024-08-21T05:47:15;cloudburst caribou;2024-08-21T03:35:30;13d0b168-6cc5-4939-9abd-2cfb74e621ef;ee315759-7b5d-4dd7-acee-a0addce8a4a9
de8d63fb-afcf-4860-a847-9b3cc5eb9554;amaze up shoddy;after;2024-08-21T04:02:49;cable preface yum;2024-08-21T02:51:30;3e7ea695-1ff9-41b3-bce4-37065cb4d2a9;1d88d8a8-6872-45e1-a64d-641f9e2ec1c0
fa464e30-6e44-45e1-9ea8-c1a3b096b5d9;gah defrag;happy boo;2024-08-21T01:52:03;dimly really;2024-08-21T07:44:21;704e4274-89b3-47ef-9344-28c2b9f290f9;9e6cd99d-21dd-4eee-854c-38cd7631915e
