status_code;description;created_by;created_date;last_modified_by;last_modified_date
1;huzzah er muddy;so square garter;2024-07-03T15:30:07;sans mile;2024-07-03T12:07:29
2;amaze;instead;2024-07-03T14:10:32;bah;2024-07-04T10:27:58
3;gadzooks so allegation;privatize;2024-07-03T12:36:16;internalize wisely yahoo;2024-07-04T11:04:01
4;if incompatible dehydrate;caw supplier hungrily;2024-07-04T10:54:43;gee creolize flawless;2024-07-03T15:16:25
5;needily safely;ramp till ah;2024-07-04T07:09:10;ugh geez lest;2024-07-03T23:23:49
6;cliff freely fooey;mid happily;2024-07-03T23:28:59;into;2024-07-03T18:40:26
7;wane broadcast;how colorfully seclude;2024-07-03T23:03:48;quicker;2024-07-04T09:26:07
8;heel blissful jockey;french tog;2024-07-03T15:39:58;uh-huh;2024-07-03T20:08:47
9;fee whoever;now;2024-07-04T01:27:07;lone spouse upward;2024-07-03T17:25:59
10;train explicate;oof crime editorialize;2024-07-03T14:40:55;worth psst violet;2024-07-04T05:56:40
