id;name;created_by;created_date;last_modified_by;last_modified_date
411df821-ac98-4c9a-a942-a4fa31e6f251;poll geez installation;passionate foolish whoa;2024-08-21T03:24:25;so;2024-08-20T19:13:01
111444fd-ab95-490f-bf01-9573ab67f61f;curiously hmph badly;woot amused flamboyant;2024-08-20T23:16:54;bah;2024-08-21T02:41:47
0631171e-5940-4a26-89fd-9d02d7c70409;chirp diligent;voluntarily imaginative zowie;2024-08-20T21:23:38;of review officially;2024-08-20T22:36:29
11226ca3-f76a-4d6d-9587-64636a0658e4;soon;whenever rural fooey;2024-08-21T04:38:35;whether;2024-08-20T09:55:58
5a90d43d-1ebd-4f13-83f1-d69b5c87e390;frantically consequently wherever;amidst from duh;2024-08-20T22:19:57;cumbersome lightly;2024-08-21T01:06:12
d06bb2e0-a8bf-4721-9f18-d59bb59bd5e9;who validate;next headquarters within;2024-08-20T17:36:30;save parched boohoo;2024-08-21T04:30:20
b844b307-fcea-4527-bb5e-06da9e80a81c;greatly aw worth;profuse;2024-08-21T04:13:29;tattoo indeed;2024-08-21T06:53:55
431b201e-e4d0-4934-a2e1-c9c0bb680bc9;including incidentally;hydroxyl;2024-08-21T01:39:57;past plant;2024-08-21T02:47:40
d400b0be-d6fc-4b48-aec9-96bb547e68dd;loyally;mysteriously sample ouch;2024-08-21T04:39:47;dawn monthly;2024-08-21T01:29:07
08ff1a4f-1fd6-4087-8c92-3d682fb2c4e3;aha boo around;harbor;2024-08-20T19:17:21;ack tired;2024-08-20T09:44:47
