id;name;type;image_uri;created_by;created_date;last_modified_by;last_modified_date
4a07f083-1ab9-45a3-b453-6ae665663962;despite plagiarize rigidly;OTHER;geez;ick hearthside;2024-08-21T03:02:05;woozy;2024-08-21T05:57:10
b5e1ac66-258d-479b-804f-06cd6af304db;less adventurous slate;DELIVERY;backspace colorfully;phew;2024-08-20T17:48:06;amongst webbed congeal;2024-08-20T17:55:44
ebe32165-2da9-486d-a6a8-cc4c26722dd0;esteemed;DELIVERY;fast;review woot capitulation;2024-08-20T09:58:24;hatbox;2024-08-21T05:14:53
579fc072-21ba-4e05-97f3-88f147ab3f53;in;OFFICE;highly white uneven;fabulous vigorous;2024-08-20T11:32:35;supposing;2024-08-21T03:58:24
a4c1e823-d310-4949-a735-8f0b5299f35e;phew;WAREHOUSE;finally fingerprint;pish whether;2024-08-21T01:25:00;cluster;2024-08-20T12:39:09
29dabe11-470f-4a37-afa1-a519e77d3526;stonework wealthy;OTHER;blister;nutty;2024-08-20T16:23:39;trouble;2024-08-20T13:22:23
86c26c31-87bc-47ba-b238-6aea8ae2aded;gee;OTHER;continually miscount;whenever mom destroy;2024-08-21T06:41:28;nor separately;2024-08-21T02:41:32
1700be9b-0782-4258-9a6f-2645f707451f;sinuosity distil among;WAREHOUSE;ugh which once;clean humble till;2024-08-20T18:28:33;than yet;2024-08-21T05:27:47
94b80078-e44e-4a0d-a47a-a3ee5b841d05;coolly yawningly;OTHER;effectuate upsell;bustling;2024-08-21T02:17:55;which monumental exactly;2024-08-21T01:55:39
b7f06ba0-f91f-4eb2-85e7-8597b4afd330;dependable into crystallography;OFFICE;meanwhile;heir;2024-08-20T09:04:13;demur boil;2024-08-21T02:27:07
